{
  "id": "2889813",
  "name": "h705",
  "font_family": "iconfont",
  "css_prefix_text": "icon-",
  "description": "",
  "glyphs": [
    {
      "icon_id": "88780",
      "name": "全部订单",
      "font_class": "order",
      "unicode": "e600",
      "unicode_decimal": 58880
    },
    {
      "icon_id": "702362",
      "name": "eye",
      "font_class": "eye-open",
      "unicode": "e7fd",
      "unicode_decimal": 59389
    },
    {
      "icon_id": "5712920",
      "name": "统计",
      "font_class": "total",
      "unicode": "e61b",
      "unicode_decimal": 58907
    },
    {
      "icon_id": "5776868",
      "name": "account",
      "font_class": "account",
      "unicode": "e655",
      "unicode_decimal": 58965
    },
    {
      "icon_id": "7008959",
      "name": "lock_fill",
      "font_class": "lock",
      "unicode": "e709",
      "unicode_decimal": 59145
    },
    {
      "icon_id": "9454431",
      "name": "账号",
      "font_class": "person",
      "unicode": "e66d",
      "unicode_decimal": 58989
    },
    {
      "icon_id": "11219352",
      "name": "eye",
      "font_class": "eye-close",
      "unicode": "e602",
      "unicode_decimal": 58882
    },
    {
      "icon_id": "12184868",
      "name": "商品",
      "font_class": "goods",
      "unicode": "e683",
      "unicode_decimal": 59011
    },
    {
      "icon_id": "15686507",
      "name": "店铺",
      "font_class": "shop",
      "unicode": "e6bd",
      "unicode_decimal": 59069
    },
    {
      "icon_id": "15838619",
      "name": "home-filling",
      "font_class": "home",
      "unicode": "e68d",
      "unicode_decimal": 59021
    }
  ]
}
